{
    "users": [{
        "userId": 1,
        "firstName": "suresh",
        "lastName": "Lee",
        "phoneNumber": "123456",
        "emailAddress": "krish.lee@learningcontainer.com",
        "subUsers": [{
            "userId": 1,
            "firstName": "charlee",
            "lastName": "Lee",
            "phoneNumber": "123456",
            "emailAddress": "krish.lee@learningcontainer.com"
        }, {
            "userId": 1,
            "firstName": "hulk",
            "lastName": "Lee",
            "phoneNumber": "123456",
            "emailAddress": "krish.lee@learningcontainer.com"
        }]
    },
    {
        "userId": 2,
        "firstName": "hari",
        "lastName": "jacson",
        "phoneNumber": "123456",
        "emailAddress": "racks.jacson@learningcontainer.com",
        "subUsers": [{
            "userId": 1,
            "firstName": "captainamerica",
            "lastName": "Lee",
            "phoneNumber": "123456",
            "emailAddress": "krish.lee@learningcontainer.com"
        }, {
            "userId": 1,
            "firstName": "thor",
            "lastName": "Lee",
            "phoneNumber": "123456",
            "emailAddress": "krish.lee@learningcontainer.com"
        }]
    },
    {
        "userId": 3,
        "firstName": "sudharshan",
        "lastName": "roast",
        "phoneNumber": "33333333",
        "emailAddress": "denial.roast@learningcontainer.com",
        "subUsers": [{
            "userId": 1,
            "firstName": "nayanthara",
            "lastName": "Lee",
            "phoneNumber": "123456",
            "emailAddress": "krish.lee@learningcontainer.com"
        }, {
            "userId": 1,
            "firstName": "andrea",
            "lastName": "Lee",
            "phoneNumber": "123456",
            "emailAddress": "krish.lee@learningcontainer.com"
        }, {
            "userId": 1,
            "firstName": "samantha",
            "lastName": "Lee",
            "phoneNumber": "123456",
            "emailAddress": "krish.lee@learningcontainer.com"
        }, {
            "userId": 1,
            "firstName": "vani bojan",
            "lastName": "Lee",
            "phoneNumber": "123456",
            "emailAddress": "krish.lee@learningcontainer.com"
        }]
    },
    {
        "userId": 4,
        "firstName": "praveen",
        "lastName": "neo",
        "phoneNumber": "222222222",
        "emailAddress": "devid.neo@learningcontainer.com"
    },
    {
        "userId": 5,
        "firstName": "dinesh",
        "lastName": "mac",
        "phoneNumber": "111111111",
        "emailAddress": "jone.mac@learningcontainer.com",
        "subUsers": [{
            "userId": 1,
            "firstName": "kumar",
            "lastName": "Lee",
            "phoneNumber": "123456",
            "emailAddress": "krish.lee@learningcontainer.com"
        }, {
            "userId": 1,
            "firstName": "peter",
            "lastName": "Lee",
            "phoneNumber": "123456",
            "emailAddress": "krish.lee@learningcontainer.com"
        }]
    }
    ]
}
